{"pools":[{"rolls":1,"entries":[{"type":"item","weight":1,"name":"minecraft:leather_boots","functions":[{"function":"set_count","count":1}]},{"type":"item","weight":1,"name":"minecraft:book","functions":[{"function":"set_count","count":1}]},{"type":"item","weight":1,"name":"minecraft:leather_horse_armor","functions":[{"function":"set_count","count":1}]},{"type":"item","weight":1,"name":"minecraft:elytra","functions":[{"function":"set_count","count":1}]},{"type":"item","weight":1,"name":"minecraft:painting","functions":[{"function":"set_count","count":1}]},{"type":"item","weight":1,"name":"minecraft:rabbit_hide","functions":[{"function":"set_count","count":1}]},{"type":"item","weight":1,"name":"minecraft:furnace_minecart","functions":[{"function":"set_count","count":1}]},{"type":"item","weight":1,"name":"minecraft:tripwire_hook","functions":[{"function":"set_count","count":1}]},{"type":"item","weight":1,"name":"minecraft:wooden_sword","functions":[{"function":"set_count","count":1}]},{"type":"item","weight":1,"name":"minecraft:armor_stand","functions":[{"function":"set_count","count":1}]},{"type":"item","weight":1,"name":"minecraft:charcoal","functions":[{"function":"set_count","count":1}]}]}]}